<?xml version="1.0" encoding="UTF-8"?>
<document>
 <item>
  <url>http://mythwar.thunderized.org/?thumb=fhuman1</url>
  <occurrences>1</occurrences>
 </item>
 <item>
  <url>http://mythwar.thunderized.org/?thumb=fhuman2</url>
  <occurrences>1</occurrences>
 </item>
 <item>
  <url>http://mythwar.thunderized.org/?thumb=fhuman3</url>
  <occurrences>1</occurrences>
 </item>
 <item>
  <url>http://mythwar.thunderized.org/?thumb=fhumanc2</url>
  <occurrences>1</occurrences>
 </item>
 <item>
  <url>http://mythwar.thunderized.org/?thumb=fhumanreborn2</url>
  <occurrences>1</occurrences>
 </item>
 <item>
  <url>http://mythwar.thunderized.org/?thumb=humans</url>
  <occurrences>1</occurrences>
 </item>
 <item>
  <url>http://mythwar.thunderized.org/?thumb=mhuman1</url>
  <occurrences>1</occurrences>
 </item>
 <item>
  <url>http://mythwar.thunderized.org/?thumb=mhuman2</url>
  <occurrences>1</occurrences>
 </item>
 <item>
  <url>http://mythwar.thunderized.org/?thumb=mhumanc3</url>
  <occurrences>1</occurrences>
 </item>
 <item>
  <url>http://mythwar.thunderized.org/?thumb=mhumanreborn2</url>
  <occurrences>1</occurrences>
 </item>
 <item>
  <url>http://mythwar.thunderized.org/images/block.jpg</url>
  <occurrences>2</occurrences>
 </item>
 <item>
  <url>http://mythwar.thunderized.org/images/guides/a.jpg</url>
  <occurrences>2</occurrences>
 </item>
 <item>
  <url>http://mythwar.thunderized.org/images/guides/b.jpg</url>
  <occurrences>2</occurrences>
 </item>
 <item>
  <url>http://mythwar.thunderized.org/images/guides/bodyeq.jpg</url>
  <occurrences>2</occurrences>
 </item>
 <item>
  <url>http://mythwar.thunderized.org/images/guides/c.jpg</url>
  <occurrences>2</occurrences>
 </item>
 <item>
  <url>http://mythwar.thunderized.org/images/guides/crabcatching.jpg</url>
  <occurrences>2</occurrences>
 </item>
 <item>
  <url>http://mythwar.thunderized.org/images/guides/crabnpc.jpg</url>
  <occurrences>2</occurrences>
 </item>
 <item>
  <url>http://mythwar.thunderized.org/images/guides/crabnpc2.jpg</url>
  <occurrences>2</occurrences>
 </item>
 <item>
  <url>http://mythwar.thunderized.org/images/guides/darknpc.jpg</url>
  <occurrences>2</occurrences>
 </item>
 <item>
  <url>http://mythwar.thunderized.org/images/guides/demonsqpetshop.PNG</url>
  <occurrences>2</occurrences>
 </item>
 <item>
  <url>http://mythwar.thunderized.org/images/guides/desertcitypetshop.PNG</url>
  <occurrences>2</occurrences>
 </item>
 <item>
  <url>http://mythwar.thunderized.org/images/guides/drow.jpg</url>
  <occurrences>2</occurrences>
 </item>
 <item>
  <url>http://mythwar.thunderized.org/images/guides/drowgive.png</url>
  <occurrences>2</occurrences>
 </item>
 <item>
  <url>http://mythwar.thunderized.org/images/guides/dsarmour.jpg</url>
  <occurrences>4</occurrences>
 </item>
 <item>
  <url>http://mythwar.thunderized.org/images/guides/fatherdrow.jpg</url>
  <occurrences>2</occurrences>
 </item>
 <item>
  <url>http://mythwar.thunderized.org/images/guides/fatherdrowgive.jpg</url>
  <occurrences>2</occurrences>
 </item>
 <item>
  <url>http://mythwar.thunderized.org/images/guides/firelordlocation.jpg</url>
  <occurrences>2</occurrences>
 </item>
 <item>
  <url>http://mythwar.thunderized.org/images/guides/flurry.jpg</url>
  <occurrences>2</occurrences>
 </item>
 <item>
  <url>http://mythwar.thunderized.org/images/guides/forgea.jpg</url>
  <occurrences>2</occurrences>
 </item>
 <item>
  <url>http://mythwar.thunderized.org/images/guides/forgeb.jpg</url>
  <occurrences>2</occurrences>
 </item>
 <item>
  <url>http://mythwar.thunderized.org/images/guides/gemcombiner.jpg</url>
  <occurrences>2</occurrences>
 </item>
 <item>
  <url>http://mythwar.thunderized.org/images/guides/geminfuser.jpg</url>
  <occurrences>2</occurrences>
 </item>
 <item>
  <url>http://mythwar.thunderized.org/images/guides/minenpcs.jpg</url>
  <occurrences>2</occurrences>
 </item>
 <item>
  <url>http://mythwar.thunderized.org/images/guides/mokka.jpg</url>
  <occurrences>2</occurrences>
 </item>
 <item>
  <url>http://mythwar.thunderized.org/images/guides/petbattlechoice.jpg</url>
  <occurrences>2</occurrences>
 </item>
 <item>
  <url>http://mythwar.thunderized.org/images/guides/petstatus.png</url>
  <occurrences>2</occurrences>
 </item>
 <item>
  <url>http://mythwar.thunderized.org/images/guides/rebornnpc.jpg</url>
  <occurrences>2</occurrences>
 </item>
 <item>
  <url>http://mythwar.thunderized.org/images/guides/rebornnpc2.jpg</url>
  <occurrences>2</occurrences>
 </item>
 <item>
  <url>http://mythwar.thunderized.org/images/guides/sealnpc.jpg</url>
  <occurrences>2</occurrences>
 </item>
 <item>
  <url>http://mythwar.thunderized.org/images/guides/sspot2.jpg</url>
  <occurrences>2</occurrences>
 </item>
 <item>
  <url>http://mythwar.thunderized.org/images/guides/thiefquest.jpg</url>
  <occurrences>2</occurrences>
 </item>
 <item>
  <url>http://mythwar.thunderized.org/images/guides/thiefquest2.jpg</url>
  <occurrences>2</occurrences>
 </item>
 <item>
  <url>http://mythwar.thunderized.org/images/guides/thiefquest3.jpg</url>
  <occurrences>2</occurrences>
 </item>
 <item>
  <url>http://mythwar.thunderized.org/images/guides/thiefquest4.jpg</url>
  <occurrences>2</occurrences>
 </item>
 <item>
  <url>http://mythwar.thunderized.org/images/guides/wooddef.jpg</url>
  <occurrences>2</occurrences>
 </item>
 <item>
  <url>http://mythwar.thunderized.org/images/guides/zapspirit.PNG</url>
  <occurrences>2</occurrences>
 </item>
 <item>
  <url>http://mythwar.thunderized.org/images/items/asuracharm.PNG</url>
  <occurrences>2</occurrences>
 </item>
 <item>
  <url>http://mythwar.thunderized.org/images/items/bangles1.PNG</url>
  <occurrences>10</occurrences>
 </item>
 <item>
  <url>http://mythwar.thunderized.org/images/items/bangles2.PNG</url>
  <occurrences>10</occurrences>
 </item>
 <item>
  <url>http://mythwar.thunderized.org/images/items/bangles3.PNG</url>
  <occurrences>4</occurrences>
 </item>
 <item>
  <url>http://mythwar.thunderized.org/images/items/bluepot.PNG</url>
  <occurrences>2</occurrences>
 </item>
 <item>
  <url>http://mythwar.thunderized.org/images/items/bluepot3.PNG</url>
  <occurrences>4</occurrences>
 </item>
 <item>
  <url>http://mythwar.thunderized.org/images/items/book.PNG</url>
  <occurrences>1</occurrences>
 </item>
 <item>
  <url>http://mythwar.thunderized.org/images/items/box.PNG</url>
  <occurrences>4</occurrences>
 </item>
 <item>
  <url>http://mythwar.thunderized.org/images/items/claw.PNG</url>
  <occurrences>2</occurrences>
 </item>
 <item>
  <url>http://mythwar.thunderized.org/images/items/coconut.PNG</url>
  <occurrences>4</occurrences>
 </item>
 <item>
  <url>http://mythwar.thunderized.org/images/items/conviencestore.PNG</url>
  <occurrences>1</occurrences>
 </item>
 <item>
  <url>http://mythwar.thunderized.org/images/items/copperore.PNG</url>
  <occurrences>8</occurrences>
 </item>
 <item>
  <url>http://mythwar.thunderized.org/images/items/coral.PNG</url>
  <occurrences>4</occurrences>
 </item>
 <item>
  <url>http://mythwar.thunderized.org/images/items/crystal1.PNG</url>
  <occurrences>2</occurrences>
 </item>
 <item>
  <url>http://mythwar.thunderized.org/images/items/crystal2.PNG</url>
  <occurrences>2</occurrences>
 </item>
 <item>
  <url>http://mythwar.thunderized.org/images/items/crystal3.PNG</url>
  <occurrences>2</occurrences>
 </item>
 <item>
  <url>http://mythwar.thunderized.org/images/items/crystal4.PNG</url>
  <occurrences>2</occurrences>
 </item>
 <item>
  <url>http://mythwar.thunderized.org/images/items/crystal5.PNG</url>
  <occurrences>2</occurrences>
 </item>
 <item>
  <url>http://mythwar.thunderized.org/images/items/crystalball.PNG</url>
  <occurrences>1</occurrences>
 </item>
 <item>
  <url>http://mythwar.thunderized.org/images/items/diadem.PNG</url>
  <occurrences>2</occurrences>
 </item>
 <item>
  <url>http://mythwar.thunderized.org/images/items/dragonbone.PNG</url>
  <occurrences>4</occurrences>
 </item>
 <item>
  <url>http://mythwar.thunderized.org/images/items/dragoneye.PNG</url>
  <occurrences>4</occurrences>
 </item>
 <item>
  <url>http://mythwar.thunderized.org/images/items/dragonic.PNG</url>
  <occurrences>2</occurrences>
 </item>
 <item>
  <url>http://mythwar.thunderized.org/images/items/femaleborgarmor.PNG</url>
  <occurrences>3</occurrences>
 </item>
 <item>
  <url>http://mythwar.thunderized.org/images/items/femaleborghelm.PNG</url>
  <occurrences>2</occurrences>
 </item>
 <item>
  <url>http://mythwar.thunderized.org/images/items/femaleborgshoe.PNG</url>
  <occurrences>2</occurrences>
 </item>
 <item>
  <url>http://mythwar.thunderized.org/images/items/femaleborgweapon.PNG</url>
  <occurrences>6</occurrences>
 </item>
 <item>
  <url>http://mythwar.thunderized.org/images/items/femalecentaurarmor.PNG</url>
  <occurrences>5</occurrences>
 </item>
 <item>
  <url>http://mythwar.thunderized.org/images/items/femalecentaurhelm.PNG</url>
  <occurrences>2</occurrences>
 </item>
 <item>
  <url>http://mythwar.thunderized.org/images/items/femalecentaurshoe.PNG</url>
  <occurrences>2</occurrences>
 </item>
 <item>
  <url>http://mythwar.thunderized.org/images/items/femalecentaurweapon.PNG</url>
  <occurrences>4</occurrences>
 </item>
 <item>
  <url>http://mythwar.thunderized.org/images/items/femalehumanarmor.PNG</url>
  <occurrences>5</occurrences>
 </item>
 <item>
  <url>http://mythwar.thunderized.org/images/items/femalehumanhelm.PNG</url>
  <occurrences>2</occurrences>
 </item>
 <item>
  <url>http://mythwar.thunderized.org/images/items/femalehumanshoe.PNG</url>
  <occurrences>2</occurrences>
 </item>
 <item>
  <url>http://mythwar.thunderized.org/images/items/femalehumanweapon.PNG</url>
  <occurrences>4</occurrences>
 </item>
 <item>
  <url>http://mythwar.thunderized.org/images/items/femalemagearmor.PNG</url>
  <occurrences>3</occurrences>
 </item>
 <item>
  <url>http://mythwar.thunderized.org/images/items/femalemagehelm.PNG</url>
  <occurrences>4</occurrences>
 </item>
 <item>
  <url>http://mythwar.thunderized.org/images/items/femalemageshoe.PNG</url>
  <occurrences>2</occurrences>
 </item>
 <item>
  <url>http://mythwar.thunderized.org/images/items/femalemageweapon.PNG</url>
  <occurrences>4</occurrences>
 </item>
 <item>
  <url>http://mythwar.thunderized.org/images/items/fieryheart.PNG</url>
  <occurrences>2</occurrences>
 </item>
 <item>
  <url>http://mythwar.thunderized.org/images/items/flurryprize.PNG</url>
  <occurrences>2</occurrences>
 </item>
 <item>
  <url>http://mythwar.thunderized.org/images/items/flurryticket2.PNG</url>
  <occurrences>2</occurrences>
 </item>
 <item>
  <url>http://mythwar.thunderized.org/images/items/fruit.PNG</url>
  <occurrences>4</occurrences>
 </item>
 <item>
  <url>http://mythwar.thunderized.org/images/items/gemblack.PNG</url>
  <occurrences>2</occurrences>
 </item>
 <item>
  <url>http://mythwar.thunderized.org/images/items/gemblue.PNG</url>
  <occurrences>2</occurrences>
 </item>
 <item>
  <url>http://mythwar.thunderized.org/images/items/gemfire.PNG</url>
  <occurrences>2</occurrences>
 </item>
 <item>
  <url>http://mythwar.thunderized.org/images/items/gemgreen.PNG</url>
  <occurrences>2</occurrences>
 </item>
 <item>
  <url>http://mythwar.thunderized.org/images/items/gemgrey.PNG</url>
  <occurrences>2</occurrences>
 </item>
 <item>
  <url>http://mythwar.thunderized.org/images/items/gemorange.PNG</url>
  <occurrences>2</occurrences>
 </item>
 <item>
  <url>http://mythwar.thunderized.org/images/items/gempurple.PNG</url>
  <occurrences>2</occurrences>
 </item>
 <item>
  <url>http://mythwar.thunderized.org/images/items/gemred.PNG</url>
  <occurrences>2</occurrences>
 </item>
 <item>
  <url>http://mythwar.thunderized.org/images/items/gemshadow.PNG</url>
  <occurrences>2</occurrences>
 </item>
 <item>
  <url>http://mythwar.thunderized.org/images/items/gemsoul.PNG</url>
  <occurrences>2</occurrences>
 </item>
 <item>
  <url>http://mythwar.thunderized.org/images/items/gemtracker.PNG</url>
  <occurrences>1</occurrences>
 </item>
 <item>
  <url>http://mythwar.thunderized.org/images/items/gemyellow.PNG</url>
  <occurrences>2</occurrences>
 </item>
 <item>
  <url>http://mythwar.thunderized.org/images/items/goldore2.PNG</url>
  <occurrences>8</occurrences>
 </item>
 <item>
  <url>http://mythwar.thunderized.org/images/items/loyaltystone.PNG</url>
  <occurrences>4</occurrences>
 </item>
 <item>
  <url>http://mythwar.thunderized.org/images/items/maleborgarmor.PNG</url>
  <occurrences>3</occurrences>
 </item>
 <item>
  <url>http://mythwar.thunderized.org/images/items/maleborghelm.PNG</url>
  <occurrences>2</occurrences>
 </item>
 <item>
  <url>http://mythwar.thunderized.org/images/items/maleborgshoe.PNG</url>
  <occurrences>2</occurrences>
 </item>
 <item>
  <url>http://mythwar.thunderized.org/images/items/maleborgweapon.PNG</url>
  <occurrences>6</occurrences>
 </item>
 <item>
  <url>http://mythwar.thunderized.org/images/items/malecentaurarmor.PNG</url>
  <occurrences>3</occurrences>
 </item>
 <item>
  <url>http://mythwar.thunderized.org/images/items/malecentaurhelm.PNG</url>
  <occurrences>2</occurrences>
 </item>
 <item>
  <url>http://mythwar.thunderized.org/images/items/malecentaurshoe.PNG</url>
  <occurrences>4</occurrences>
 </item>
 <item>
  <url>http://mythwar.thunderized.org/images/items/malecentaurweapon.PNG</url>
  <occurrences>4</occurrences>
 </item>
 <item>
  <url>http://mythwar.thunderized.org/images/items/malehumanarmor.PNG</url>
  <occurrences>5</occurrences>
 </item>
 <item>
  <url>http://mythwar.thunderized.org/images/items/malehumanhelm.PNG</url>
  <occurrences>2</occurrences>
 </item>
 <item>
  <url>http://mythwar.thunderized.org/images/items/malehumanshoe.PNG</url>
  <occurrences>2</occurrences>
 </item>
 <item>
  <url>http://mythwar.thunderized.org/images/items/malehumanweapon.PNG</url>
  <occurrences>4</occurrences>
 </item>
 <item>
  <url>http://mythwar.thunderized.org/images/items/malemagearmor.PNG</url>
  <occurrences>5</occurrences>
 </item>
 <item>
  <url>http://mythwar.thunderized.org/images/items/malemagehelm.PNG</url>
  <occurrences>2</occurrences>
 </item>
 <item>
  <url>http://mythwar.thunderized.org/images/items/malemageshoe.PNG</url>
  <occurrences>2</occurrences>
 </item>
 <item>
  <url>http://mythwar.thunderized.org/images/items/malemageweapon.PNG</url>
  <occurrences>4</occurrences>
 </item>
 <item>
  <url>http://mythwar.thunderized.org/images/items/necklace10.PNG</url>
  <occurrences>2</occurrences>
 </item>
 <item>
  <url>http://mythwar.thunderized.org/images/items/necklace2.PNG</url>
  <occurrences>6</occurrences>
 </item>
 <item>
  <url>http://mythwar.thunderized.org/images/items/necklace3.PNG</url>
  <occurrences>6</occurrences>
 </item>
 <item>
  <url>http://mythwar.thunderized.org/images/items/necklace4.PNG</url>
  <occurrences>6</occurrences>
 </item>
 <item>
  <url>http://mythwar.thunderized.org/images/items/necklace5.PNG</url>
  <occurrences>6</occurrences>
 </item>
 <item>
  <url>http://mythwar.thunderized.org/images/items/ordain.PNG</url>
  <occurrences>2</occurrences>
 </item>
 <item>
  <url>http://mythwar.thunderized.org/images/items/phantasm.PNG</url>
  <occurrences>9</occurrences>
 </item>
 <item>
  <url>http://mythwar.thunderized.org/images/items/pine.PNG</url>
  <occurrences>6</occurrences>
 </item>
 <item>
  <url>http://mythwar.thunderized.org/images/items/purplepot.PNG</url>
  <occurrences>2</occurrences>
 </item>
 <item>
  <url>http://mythwar.thunderized.org/images/items/purplepot2.PNG</url>
  <occurrences>2</occurrences>
 </item>
 <item>
  <url>http://mythwar.thunderized.org/images/items/purplepot3.PNG</url>
  <occurrences>2</occurrences>
 </item>
 <item>
  <url>http://mythwar.thunderized.org/images/items/r1malecentaurarmor.PNG</url>
  <occurrences>6</occurrences>
 </item>
 <item>
  <url>http://mythwar.thunderized.org/images/items/redpot.PNG</url>
  <occurrences>4</occurrences>
 </item>
 <item>
  <url>http://mythwar.thunderized.org/images/items/redpot3.PNG</url>
  <occurrences>4</occurrences>
 </item>
 <item>
  <url>http://mythwar.thunderized.org/images/items/rose.PNG</url>
  <occurrences>1</occurrences>
 </item>
 <item>
  <url>http://mythwar.thunderized.org/images/items/rumourscroll.PNG</url>
  <occurrences>1</occurrences>
 </item>
 <item>
  <url>http://mythwar.thunderized.org/images/items/soc.PNG</url>
  <occurrences>4</occurrences>
 </item>
 <item>
  <url>http://mythwar.thunderized.org/images/items/sod.PNG</url>
  <occurrences>4</occurrences>
 </item>
 <item>
  <url>http://mythwar.thunderized.org/images/items/som.PNG</url>
  <occurrences>5</occurrences>
 </item>
 <item>
  <url>http://mythwar.thunderized.org/images/items/stone8.PNG</url>
  <occurrences>8</occurrences>
 </item>
 <item>
  <url>http://mythwar.thunderized.org/images/items/tears.PNG</url>
  <occurrences>1</occurrences>
 </item>
 <item>
  <url>http://mythwar.thunderized.org/images/items/tpscroll.PNG</url>
  <occurrences>1</occurrences>
 </item>
 <item>
  <url>http://mythwar.thunderized.org/images/items/tpscroll2.PNG</url>
  <occurrences>2</occurrences>
 </item>
 <item>
  <url>http://mythwar.thunderized.org/images/items/trainerdevice.PNG</url>
  <occurrences>1</occurrences>
 </item>
 <item>
  <url>http://mythwar.thunderized.org/images/items/treasuremap.PNG</url>
  <occurrences>4</occurrences>
 </item>
 <item>
  <url>http://mythwar.thunderized.org/images/items/unknown22.PNG</url>
  <occurrences>1</occurrences>
 </item>
 <item>
  <url>http://mythwar.thunderized.org/images/items/voodooboots.PNG</url>
  <occurrences>2</occurrences>
 </item>
 <item>
  <url>http://mythwar.thunderized.org/images/items/woodscroll.PNG</url>
  <occurrences>1</occurrences>
 </item>
 <item>
  <url>http://mythwar.thunderized.org/images/items/wormskin.PNG</url>
  <occurrences>2</occurrences>
 </item>
 <item>
  <url>http://mythwar.thunderized.org/images/logo.gif</url>
  <occurrences>6</occurrences>
 </item>
 <item>
  <url>http://mythwar.thunderized.org/images/logobg.gif</url>
  <occurrences>6</occurrences>
 </item>
 <item>
  <url>http://mythwar.thunderized.org/images/logobottom.gif</url>
  <occurrences>6</occurrences>
 </item>
 <item>
  <url>http://mythwar.thunderized.org/images/logoright.gif</url>
  <occurrences>6</occurrences>
 </item>
 <item>
  <url>http://mythwar.thunderized.org/images/maps/Blython.jpg</url>
  <occurrences>2</occurrences>
 </item>
 <item>
  <url>http://mythwar.thunderized.org/images/maps/Burial%201.jpg</url>
  <occurrences>1</occurrences>
 </item>
 <item>
  <url>http://mythwar.thunderized.org/images/maps/Burial%204.jpg</url>
  <occurrences>1</occurrences>
 </item>
 <item>
  <url>http://mythwar.thunderized.org/images/maps/Burial%20Ruins.jpg</url>
  <occurrences>1</occurrences>
 </item>
 <item>
  <url>http://mythwar.thunderized.org/images/maps/Demon%20Lair%202.jpg</url>
  <occurrences>1</occurrences>
 </item>
 <item>
  <url>http://mythwar.thunderized.org/images/maps/Demon%20Square.jpg</url>
  <occurrences>2</occurrences>
 </item>
 <item>
  <url>http://mythwar.thunderized.org/images/maps/Desert%20City.jpg</url>
  <occurrences>2</occurrences>
 </item>
 <item>
  <url>http://mythwar.thunderized.org/images/maps/Evil%20Lair%203.jpg</url>
  <occurrences>1</occurrences>
 </item>
 <item>
  <url>http://mythwar.thunderized.org/images/maps/Fog%20Cave.jpg</url>
  <occurrences>1</occurrences>
 </item>
 <item>
  <url>http://mythwar.thunderized.org/images/maps/Guild%20Hq.jpg</url>
  <occurrences>1</occurrences>
 </item>
 <item>
  <url>http://mythwar.thunderized.org/images/maps/Outcast%20City.jpg</url>
  <occurrences>1</occurrences>
 </item>
 <item>
  <url>http://mythwar.thunderized.org/images/maps/Sewer%201.jpg</url>
  <occurrences>1</occurrences>
 </item>
 <item>
  <url>http://mythwar.thunderized.org/images/maps/Sewer%202.jpg</url>
  <occurrences>1</occurrences>
 </item>
 <item>
  <url>http://mythwar.thunderized.org/images/maps/Sewer%203.jpg</url>
  <occurrences>1</occurrences>
 </item>
 <item>
  <url>http://mythwar.thunderized.org/images/maps/Sky%20Passage.jpg</url>
  <occurrences>1</occurrences>
 </item>
 <item>
  <url>http://mythwar.thunderized.org/images/maps/Sunset%20Plain.jpg</url>
  <occurrences>1</occurrences>
 </item>
 <item>
  <url>http://mythwar.thunderized.org/images/maps/Tree%20of%20Life%204.jpg</url>
  <occurrences>1</occurrences>
 </item>
 <item>
  <url>http://mythwar.thunderized.org/images/maps/Tree%20of%20Life%205.jpg</url>
  <occurrences>1</occurrences>
 </item>
 <item>
  <url>http://mythwar.thunderized.org/images/maps/Tree%20of%20Life%206.jpg</url>
  <occurrences>1</occurrences>
 </item>
 <item>
  <url>http://mythwar.thunderized.org/images/maps/Tree%20of%20Life%207.jpg</url>
  <occurrences>1</occurrences>
 </item>
 <item>
  <url>http://mythwar.thunderized.org/images/maps/Wasteland%201.jpg</url>
  <occurrences>1</occurrences>
 </item>
 <item>
  <url>http://mythwar.thunderized.org/images/maps/Wasteland%202.jpg</url>
  <occurrences>1</occurrences>
 </item>
 <item>
  <url>http://mythwar.thunderized.org/images/maps/Wasteland.jpg</url>
  <occurrences>1</occurrences>
 </item>
 <item>
  <url>http://mythwar.thunderized.org/images/maps/Woodlingor.jpg</url>
  <occurrences>2</occurrences>
 </item>
 <item>
  <url>http://mythwar.thunderized.org/images/npcs/Thief%20Boss.PNG</url>
  <occurrences>1</occurrences>
 </item>
 <item>
  <url>http://mythwar.thunderized.org/images/npcs/Thief.PNG</url>
  <occurrences>2</occurrences>
 </item>
 <item>
  <url>http://mythwar.thunderized.org/images/pets/Ant%20Eater.gif</url>
  <occurrences>3</occurrences>
 </item>
 <item>
  <url>http://mythwar.thunderized.org/images/pets/Aquarius.gif</url>
  <occurrences>2</occurrences>
 </item>
 <item>
  <url>http://mythwar.thunderized.org/images/pets/Aurora%20Lion.gif</url>
  <occurrences>7</occurrences>
 </item>
 <item>
  <url>http://mythwar.thunderized.org/images/pets/Axewalker.gif</url>
  <occurrences>5</occurrences>
 </item>
 <item>
  <url>http://mythwar.thunderized.org/images/pets/Bee.gif</url>
  <occurrences>8</occurrences>
 </item>
 <item>
  <url>http://mythwar.thunderized.org/images/pets/Big%20Crab.gif</url>
  <occurrences>4</occurrences>
 </item>
 <item>
  <url>http://mythwar.thunderized.org/images/pets/Bloodpede.gif</url>
  <occurrences>3</occurrences>
 </item>
 <item>
  <url>http://mythwar.thunderized.org/images/pets/Bog%20Nightmare.gif</url>
  <occurrences>5</occurrences>
 </item>
 <item>
  <url>http://mythwar.thunderized.org/images/pets/Capilla.gif</url>
  <occurrences>7</occurrences>
 </item>
 <item>
  <url>http://mythwar.thunderized.org/images/pets/Capricornus.gif</url>
  <occurrences>2</occurrences>
 </item>
 <item>
  <url>http://mythwar.thunderized.org/images/pets/Centaur%20King.gif</url>
  <occurrences>5</occurrences>
 </item>
 <item>
  <url>http://mythwar.thunderized.org/images/pets/Chaos%20Devil.gif</url>
  <occurrences>2</occurrences>
 </item>
 <item>
  <url>http://mythwar.thunderized.org/images/pets/Chaotic%20Devil.gif</url>
  <occurrences>4</occurrences>
 </item>
 <item>
  <url>http://mythwar.thunderized.org/images/pets/ChinchillaA.gif</url>
  <occurrences>1</occurrences>
 </item>
 <item>
  <url>http://mythwar.thunderized.org/images/pets/ChinchillaB.gif</url>
  <occurrences>1</occurrences>
 </item>
 <item>
  <url>http://mythwar.thunderized.org/images/pets/Crazy%20Bandit.gif</url>
  <occurrences>4</occurrences>
 </item>
 <item>
  <url>http://mythwar.thunderized.org/images/pets/Cyclops.gif</url>
  <occurrences>5</occurrences>
 </item>
 <item>
  <url>http://mythwar.thunderized.org/images/pets/Dark%20Giant.gif</url>
  <occurrences>9</occurrences>
 </item>
 <item>
  <url>http://mythwar.thunderized.org/images/pets/Demon%20Dragon.gif</url>
  <occurrences>6</occurrences>
 </item>
 <item>
  <url>http://mythwar.thunderized.org/images/pets/Demonpunisher.gif</url>
  <occurrences>6</occurrences>
 </item>
 <item>
  <url>http://mythwar.thunderized.org/images/pets/Desert%20Bandit.gif</url>
  <occurrences>7</occurrences>
 </item>
 <item>
  <url>http://mythwar.thunderized.org/images/pets/Dream%20Dragon.gif</url>
  <occurrences>1</occurrences>
 </item>
 <item>
  <url>http://mythwar.thunderized.org/images/pets/Dream%20Flyer.gif</url>
  <occurrences>2</occurrences>
 </item>
 <item>
  <url>http://mythwar.thunderized.org/images/pets/Earth%20Wolf.gif</url>
  <occurrences>6</occurrences>
 </item>
 <item>
  <url>http://mythwar.thunderized.org/images/pets/Eyekicker.gif</url>
  <occurrences>9</occurrences>
 </item>
 <item>
  <url>http://mythwar.thunderized.org/images/pets/Feral%20Wolf.gif</url>
  <occurrences>16</occurrences>
 </item>
 <item>
  <url>http://mythwar.thunderized.org/images/pets/Fire%20Demon.gif</url>
  <occurrences>7</occurrences>
 </item>
 <item>
  <url>http://mythwar.thunderized.org/images/pets/Flame%20Phoenix.gif</url>
  <occurrences>1</occurrences>
 </item>
 <item>
  <url>http://mythwar.thunderized.org/images/pets/Flyer.gif</url>
  <occurrences>7</occurrences>
 </item>
 <item>
  <url>http://mythwar.thunderized.org/images/pets/Fog%20Spirit.gif</url>
  <occurrences>8</occurrences>
 </item>
 <item>
  <url>http://mythwar.thunderized.org/images/pets/Ghastly%20Dragon.gif</url>
  <occurrences>4</occurrences>
 </item>
 <item>
  <url>http://mythwar.thunderized.org/images/pets/Ghost%20Warrior.gif</url>
  <occurrences>7</occurrences>
 </item>
 <item>
  <url>http://mythwar.thunderized.org/images/pets/Ghoul.gif</url>
  <occurrences>8</occurrences>
 </item>
 <item>
  <url>http://mythwar.thunderized.org/images/pets/Ghoulspirit.gif</url>
  <occurrences>4</occurrences>
 </item>
 <item>
  <url>http://mythwar.thunderized.org/images/pets/Giantslicer.gif</url>
  <occurrences>6</occurrences>
 </item>
 <item>
  <url>http://mythwar.thunderized.org/images/pets/Glimmer%20Fish.gif</url>
  <occurrences>5</occurrences>
 </item>
 <item>
  <url>http://mythwar.thunderized.org/images/pets/Glitter%20Tiger.gif</url>
  <occurrences>1</occurrences>
 </item>
 <item>
  <url>http://mythwar.thunderized.org/images/pets/Guard.gif</url>
  <occurrences>7</occurrences>
 </item>
 <item>
  <url>http://mythwar.thunderized.org/images/pets/Hell%20Cat.gif</url>
  <occurrences>11</occurrences>
 </item>
 <item>
  <url>http://mythwar.thunderized.org/images/pets/Ice%20Demon.gif</url>
  <occurrences>9</occurrences>
 </item>
 <item>
  <url>http://mythwar.thunderized.org/images/pets/Leopard%20Wolf.gif</url>
  <occurrences>6</occurrences>
 </item>
 <item>
  <url>http://mythwar.thunderized.org/images/pets/Lizard%20Man.gif</url>
  <occurrences>2</occurrences>
 </item>
 <item>
  <url>http://mythwar.thunderized.org/images/pets/Lizard%20Miner.gif</url>
  <occurrences>8</occurrences>
 </item>
 <item>
  <url>http://mythwar.thunderized.org/images/pets/Lycosa.gif</url>
  <occurrences>4</occurrences>
 </item>
 <item>
  <url>http://mythwar.thunderized.org/images/pets/Mosquito.gif</url>
  <occurrences>3</occurrences>
 </item>
 <item>
  <url>http://mythwar.thunderized.org/images/pets/Mudraper.gif</url>
  <occurrences>8</occurrences>
 </item>
 <item>
  <url>http://mythwar.thunderized.org/images/pets/Mummy.gif</url>
  <occurrences>4</occurrences>
 </item>
 <item>
  <url>http://mythwar.thunderized.org/images/pets/Nepenthes.gif</url>
  <occurrences>8</occurrences>
 </item>
 <item>
  <url>http://mythwar.thunderized.org/images/pets/Ocean%20Loong.gif</url>
  <occurrences>2</occurrences>
 </item>
 <item>
  <url>http://mythwar.thunderized.org/images/pets/Ogrewalker.gif</url>
  <occurrences>10</occurrences>
 </item>
 <item>
  <url>http://mythwar.thunderized.org/images/pets/Pheonix.gif</url>
  <occurrences>8</occurrences>
 </item>
 <item>
  <url>http://mythwar.thunderized.org/images/pets/Pisces.gif</url>
  <occurrences>3</occurrences>
 </item>
 <item>
  <url>http://mythwar.thunderized.org/images/pets/River%20Guardian.gif</url>
  <occurrences>10</occurrences>
 </item>
 <item>
  <url>http://mythwar.thunderized.org/images/pets/Sand%20Giant.gif</url>
  <occurrences>2</occurrences>
 </item>
 <item>
  <url>http://mythwar.thunderized.org/images/pets/Santa%20Claus.gif</url>
  <occurrences>1</occurrences>
 </item>
 <item>
  <url>http://mythwar.thunderized.org/images/pets/Santa%20Princess.gif</url>
  <occurrences>1</occurrences>
 </item>
 <item>
  <url>http://mythwar.thunderized.org/images/pets/Scarecrow.gif</url>
  <occurrences>7</occurrences>
 </item>
 <item>
  <url>http://mythwar.thunderized.org/images/pets/Skeletal.gif</url>
  <occurrences>10</occurrences>
 </item>
 <item>
  <url>http://mythwar.thunderized.org/images/pets/Snake%20Demon.gif</url>
  <occurrences>7</occurrences>
 </item>
 <item>
  <url>http://mythwar.thunderized.org/images/pets/Snow%20Bear.gif</url>
  <occurrences>1</occurrences>
 </item>
 <item>
  <url>http://mythwar.thunderized.org/images/pets/Snowie.gif</url>
  <occurrences>1</occurrences>
 </item>
 <item>
  <url>http://mythwar.thunderized.org/images/pets/Stone%20Giant.gif</url>
  <occurrences>3</occurrences>
 </item>
 <item>
  <url>http://mythwar.thunderized.org/images/pets/Stone%20Tortoise.gif</url>
  <occurrences>1</occurrences>
 </item>
 <item>
  <url>http://mythwar.thunderized.org/images/pets/Teethor.gif</url>
  <occurrences>5</occurrences>
 </item>
 <item>
  <url>http://mythwar.thunderized.org/images/pets/Thorned%20Spider.gif</url>
  <occurrences>3</occurrences>
 </item>
 <item>
  <url>http://mythwar.thunderized.org/images/pets/Tree%20Demon.gif</url>
  <occurrences>7</occurrences>
 </item>
 <item>
  <url>http://mythwar.thunderized.org/images/pets/Werewolf.gif</url>
  <occurrences>5</occurrences>
 </item>
 <item>
  <url>http://mythwar.thunderized.org/images/pets/Withered%20Guard.gif</url>
  <occurrences>7</occurrences>
 </item>
</document>
