﻿URL,OCCURRENCES
http://mythwar.thunderized.org/?thumb=fhuman1,1
http://mythwar.thunderized.org/?thumb=fhuman2,1
http://mythwar.thunderized.org/?thumb=fhuman3,1
http://mythwar.thunderized.org/?thumb=fhumanc2,1
http://mythwar.thunderized.org/?thumb=fhumanreborn2,1
http://mythwar.thunderized.org/?thumb=humans,1
http://mythwar.thunderized.org/?thumb=mhuman1,1
http://mythwar.thunderized.org/?thumb=mhuman2,1
http://mythwar.thunderized.org/?thumb=mhumanc3,1
http://mythwar.thunderized.org/?thumb=mhumanreborn2,1
http://mythwar.thunderized.org/images/block.jpg,2
http://mythwar.thunderized.org/images/guides/a.jpg,2
http://mythwar.thunderized.org/images/guides/b.jpg,2
http://mythwar.thunderized.org/images/guides/bodyeq.jpg,2
http://mythwar.thunderized.org/images/guides/c.jpg,2
http://mythwar.thunderized.org/images/guides/crabcatching.jpg,2
http://mythwar.thunderized.org/images/guides/crabnpc.jpg,2
http://mythwar.thunderized.org/images/guides/crabnpc2.jpg,2
http://mythwar.thunderized.org/images/guides/darknpc.jpg,2
http://mythwar.thunderized.org/images/guides/demonsqpetshop.PNG,2
http://mythwar.thunderized.org/images/guides/desertcitypetshop.PNG,2
http://mythwar.thunderized.org/images/guides/drow.jpg,2
http://mythwar.thunderized.org/images/guides/drowgive.png,2
http://mythwar.thunderized.org/images/guides/dsarmour.jpg,4
http://mythwar.thunderized.org/images/guides/fatherdrow.jpg,2
http://mythwar.thunderized.org/images/guides/fatherdrowgive.jpg,2
http://mythwar.thunderized.org/images/guides/firelordlocation.jpg,2
http://mythwar.thunderized.org/images/guides/flurry.jpg,2
http://mythwar.thunderized.org/images/guides/forgea.jpg,2
http://mythwar.thunderized.org/images/guides/forgeb.jpg,2
http://mythwar.thunderized.org/images/guides/gemcombiner.jpg,2
http://mythwar.thunderized.org/images/guides/geminfuser.jpg,2
http://mythwar.thunderized.org/images/guides/minenpcs.jpg,2
http://mythwar.thunderized.org/images/guides/mokka.jpg,2
http://mythwar.thunderized.org/images/guides/petbattlechoice.jpg,2
http://mythwar.thunderized.org/images/guides/petstatus.png,2
http://mythwar.thunderized.org/images/guides/rebornnpc.jpg,2
http://mythwar.thunderized.org/images/guides/rebornnpc2.jpg,2
http://mythwar.thunderized.org/images/guides/sealnpc.jpg,2
http://mythwar.thunderized.org/images/guides/sspot2.jpg,2
http://mythwar.thunderized.org/images/guides/thiefquest.jpg,2
http://mythwar.thunderized.org/images/guides/thiefquest2.jpg,2
http://mythwar.thunderized.org/images/guides/thiefquest3.jpg,2
http://mythwar.thunderized.org/images/guides/thiefquest4.jpg,2
http://mythwar.thunderized.org/images/guides/wooddef.jpg,2
http://mythwar.thunderized.org/images/guides/zapspirit.PNG,2
http://mythwar.thunderized.org/images/items/asuracharm.PNG,2
http://mythwar.thunderized.org/images/items/bangles1.PNG,10
http://mythwar.thunderized.org/images/items/bangles2.PNG,10
http://mythwar.thunderized.org/images/items/bangles3.PNG,4
http://mythwar.thunderized.org/images/items/bluepot.PNG,2
http://mythwar.thunderized.org/images/items/bluepot3.PNG,4
http://mythwar.thunderized.org/images/items/book.PNG,1
http://mythwar.thunderized.org/images/items/box.PNG,4
http://mythwar.thunderized.org/images/items/claw.PNG,2
http://mythwar.thunderized.org/images/items/coconut.PNG,4
http://mythwar.thunderized.org/images/items/conviencestore.PNG,1
http://mythwar.thunderized.org/images/items/copperore.PNG,8
http://mythwar.thunderized.org/images/items/coral.PNG,4
http://mythwar.thunderized.org/images/items/crystal1.PNG,2
http://mythwar.thunderized.org/images/items/crystal2.PNG,2
http://mythwar.thunderized.org/images/items/crystal3.PNG,2
http://mythwar.thunderized.org/images/items/crystal4.PNG,2
http://mythwar.thunderized.org/images/items/crystal5.PNG,2
http://mythwar.thunderized.org/images/items/crystalball.PNG,1
http://mythwar.thunderized.org/images/items/diadem.PNG,2
http://mythwar.thunderized.org/images/items/dragonbone.PNG,4
http://mythwar.thunderized.org/images/items/dragoneye.PNG,4
http://mythwar.thunderized.org/images/items/dragonic.PNG,2
http://mythwar.thunderized.org/images/items/femaleborgarmor.PNG,3
http://mythwar.thunderized.org/images/items/femaleborghelm.PNG,2
http://mythwar.thunderized.org/images/items/femaleborgshoe.PNG,2
http://mythwar.thunderized.org/images/items/femaleborgweapon.PNG,6
http://mythwar.thunderized.org/images/items/femalecentaurarmor.PNG,5
http://mythwar.thunderized.org/images/items/femalecentaurhelm.PNG,2
http://mythwar.thunderized.org/images/items/femalecentaurshoe.PNG,2
http://mythwar.thunderized.org/images/items/femalecentaurweapon.PNG,4
http://mythwar.thunderized.org/images/items/femalehumanarmor.PNG,5
http://mythwar.thunderized.org/images/items/femalehumanhelm.PNG,2
http://mythwar.thunderized.org/images/items/femalehumanshoe.PNG,2
http://mythwar.thunderized.org/images/items/femalehumanweapon.PNG,4
http://mythwar.thunderized.org/images/items/femalemagearmor.PNG,3
http://mythwar.thunderized.org/images/items/femalemagehelm.PNG,4
http://mythwar.thunderized.org/images/items/femalemageshoe.PNG,2
http://mythwar.thunderized.org/images/items/femalemageweapon.PNG,4
http://mythwar.thunderized.org/images/items/fieryheart.PNG,2
http://mythwar.thunderized.org/images/items/flurryprize.PNG,2
http://mythwar.thunderized.org/images/items/flurryticket2.PNG,2
http://mythwar.thunderized.org/images/items/fruit.PNG,4
http://mythwar.thunderized.org/images/items/gemblack.PNG,2
http://mythwar.thunderized.org/images/items/gemblue.PNG,2
http://mythwar.thunderized.org/images/items/gemfire.PNG,2
http://mythwar.thunderized.org/images/items/gemgreen.PNG,2
http://mythwar.thunderized.org/images/items/gemgrey.PNG,2
http://mythwar.thunderized.org/images/items/gemorange.PNG,2
http://mythwar.thunderized.org/images/items/gempurple.PNG,2
http://mythwar.thunderized.org/images/items/gemred.PNG,2
http://mythwar.thunderized.org/images/items/gemshadow.PNG,2
http://mythwar.thunderized.org/images/items/gemsoul.PNG,2
http://mythwar.thunderized.org/images/items/gemtracker.PNG,1
http://mythwar.thunderized.org/images/items/gemyellow.PNG,2
http://mythwar.thunderized.org/images/items/goldore2.PNG,8
http://mythwar.thunderized.org/images/items/loyaltystone.PNG,4
http://mythwar.thunderized.org/images/items/maleborgarmor.PNG,3
http://mythwar.thunderized.org/images/items/maleborghelm.PNG,2
http://mythwar.thunderized.org/images/items/maleborgshoe.PNG,2
http://mythwar.thunderized.org/images/items/maleborgweapon.PNG,6
http://mythwar.thunderized.org/images/items/malecentaurarmor.PNG,3
http://mythwar.thunderized.org/images/items/malecentaurhelm.PNG,2
http://mythwar.thunderized.org/images/items/malecentaurshoe.PNG,4
http://mythwar.thunderized.org/images/items/malecentaurweapon.PNG,4
http://mythwar.thunderized.org/images/items/malehumanarmor.PNG,5
http://mythwar.thunderized.org/images/items/malehumanhelm.PNG,2
http://mythwar.thunderized.org/images/items/malehumanshoe.PNG,2
http://mythwar.thunderized.org/images/items/malehumanweapon.PNG,4
http://mythwar.thunderized.org/images/items/malemagearmor.PNG,5
http://mythwar.thunderized.org/images/items/malemagehelm.PNG,2
http://mythwar.thunderized.org/images/items/malemageshoe.PNG,2
http://mythwar.thunderized.org/images/items/malemageweapon.PNG,4
http://mythwar.thunderized.org/images/items/necklace10.PNG,2
http://mythwar.thunderized.org/images/items/necklace2.PNG,6
http://mythwar.thunderized.org/images/items/necklace3.PNG,6
http://mythwar.thunderized.org/images/items/necklace4.PNG,6
http://mythwar.thunderized.org/images/items/necklace5.PNG,6
http://mythwar.thunderized.org/images/items/ordain.PNG,2
http://mythwar.thunderized.org/images/items/phantasm.PNG,9
http://mythwar.thunderized.org/images/items/pine.PNG,6
http://mythwar.thunderized.org/images/items/purplepot.PNG,2
http://mythwar.thunderized.org/images/items/purplepot2.PNG,2
http://mythwar.thunderized.org/images/items/purplepot3.PNG,2
http://mythwar.thunderized.org/images/items/r1malecentaurarmor.PNG,6
http://mythwar.thunderized.org/images/items/redpot.PNG,4
http://mythwar.thunderized.org/images/items/redpot3.PNG,4
http://mythwar.thunderized.org/images/items/rose.PNG,1
http://mythwar.thunderized.org/images/items/rumourscroll.PNG,1
http://mythwar.thunderized.org/images/items/soc.PNG,4
http://mythwar.thunderized.org/images/items/sod.PNG,4
http://mythwar.thunderized.org/images/items/som.PNG,5
http://mythwar.thunderized.org/images/items/stone8.PNG,8
http://mythwar.thunderized.org/images/items/tears.PNG,1
http://mythwar.thunderized.org/images/items/tpscroll.PNG,1
http://mythwar.thunderized.org/images/items/tpscroll2.PNG,2
http://mythwar.thunderized.org/images/items/trainerdevice.PNG,1
http://mythwar.thunderized.org/images/items/treasuremap.PNG,4
http://mythwar.thunderized.org/images/items/unknown22.PNG,1
http://mythwar.thunderized.org/images/items/voodooboots.PNG,2
http://mythwar.thunderized.org/images/items/woodscroll.PNG,1
http://mythwar.thunderized.org/images/items/wormskin.PNG,2
http://mythwar.thunderized.org/images/logo.gif,6
http://mythwar.thunderized.org/images/logobg.gif,6
http://mythwar.thunderized.org/images/logobottom.gif,6
http://mythwar.thunderized.org/images/logoright.gif,6
http://mythwar.thunderized.org/images/maps/Blython.jpg,2
http://mythwar.thunderized.org/images/maps/Burial%201.jpg,1
http://mythwar.thunderized.org/images/maps/Burial%204.jpg,1
http://mythwar.thunderized.org/images/maps/Burial%20Ruins.jpg,1
http://mythwar.thunderized.org/images/maps/Demon%20Lair%202.jpg,1
http://mythwar.thunderized.org/images/maps/Demon%20Square.jpg,2
http://mythwar.thunderized.org/images/maps/Desert%20City.jpg,2
http://mythwar.thunderized.org/images/maps/Evil%20Lair%203.jpg,1
http://mythwar.thunderized.org/images/maps/Fog%20Cave.jpg,1
http://mythwar.thunderized.org/images/maps/Guild%20Hq.jpg,1
http://mythwar.thunderized.org/images/maps/Outcast%20City.jpg,1
http://mythwar.thunderized.org/images/maps/Sewer%201.jpg,1
http://mythwar.thunderized.org/images/maps/Sewer%202.jpg,1
http://mythwar.thunderized.org/images/maps/Sewer%203.jpg,1
http://mythwar.thunderized.org/images/maps/Sky%20Passage.jpg,1
http://mythwar.thunderized.org/images/maps/Sunset%20Plain.jpg,1
http://mythwar.thunderized.org/images/maps/Tree%20of%20Life%204.jpg,1
http://mythwar.thunderized.org/images/maps/Tree%20of%20Life%205.jpg,1
http://mythwar.thunderized.org/images/maps/Tree%20of%20Life%206.jpg,1
http://mythwar.thunderized.org/images/maps/Tree%20of%20Life%207.jpg,1
http://mythwar.thunderized.org/images/maps/Wasteland%201.jpg,1
http://mythwar.thunderized.org/images/maps/Wasteland%202.jpg,1
http://mythwar.thunderized.org/images/maps/Wasteland.jpg,1
http://mythwar.thunderized.org/images/maps/Woodlingor.jpg,2
http://mythwar.thunderized.org/images/npcs/Thief%20Boss.PNG,1
http://mythwar.thunderized.org/images/npcs/Thief.PNG,2
http://mythwar.thunderized.org/images/pets/Ant%20Eater.gif,3
http://mythwar.thunderized.org/images/pets/Aquarius.gif,2
http://mythwar.thunderized.org/images/pets/Aurora%20Lion.gif,7
http://mythwar.thunderized.org/images/pets/Axewalker.gif,5
http://mythwar.thunderized.org/images/pets/Bee.gif,8
http://mythwar.thunderized.org/images/pets/Big%20Crab.gif,4
http://mythwar.thunderized.org/images/pets/Bloodpede.gif,3
http://mythwar.thunderized.org/images/pets/Bog%20Nightmare.gif,5
http://mythwar.thunderized.org/images/pets/Capilla.gif,7
http://mythwar.thunderized.org/images/pets/Capricornus.gif,2
http://mythwar.thunderized.org/images/pets/Centaur%20King.gif,5
http://mythwar.thunderized.org/images/pets/Chaos%20Devil.gif,2
http://mythwar.thunderized.org/images/pets/Chaotic%20Devil.gif,4
http://mythwar.thunderized.org/images/pets/ChinchillaA.gif,1
http://mythwar.thunderized.org/images/pets/ChinchillaB.gif,1
http://mythwar.thunderized.org/images/pets/Crazy%20Bandit.gif,4
http://mythwar.thunderized.org/images/pets/Cyclops.gif,5
http://mythwar.thunderized.org/images/pets/Dark%20Giant.gif,9
http://mythwar.thunderized.org/images/pets/Demon%20Dragon.gif,6
http://mythwar.thunderized.org/images/pets/Demonpunisher.gif,6
http://mythwar.thunderized.org/images/pets/Desert%20Bandit.gif,7
http://mythwar.thunderized.org/images/pets/Dream%20Dragon.gif,1
http://mythwar.thunderized.org/images/pets/Dream%20Flyer.gif,2
http://mythwar.thunderized.org/images/pets/Earth%20Wolf.gif,6
http://mythwar.thunderized.org/images/pets/Eyekicker.gif,9
http://mythwar.thunderized.org/images/pets/Feral%20Wolf.gif,16
http://mythwar.thunderized.org/images/pets/Fire%20Demon.gif,7
http://mythwar.thunderized.org/images/pets/Flame%20Phoenix.gif,1
http://mythwar.thunderized.org/images/pets/Flyer.gif,7
http://mythwar.thunderized.org/images/pets/Fog%20Spirit.gif,8
http://mythwar.thunderized.org/images/pets/Ghastly%20Dragon.gif,4
http://mythwar.thunderized.org/images/pets/Ghost%20Warrior.gif,7
http://mythwar.thunderized.org/images/pets/Ghoul.gif,8
http://mythwar.thunderized.org/images/pets/Ghoulspirit.gif,4
http://mythwar.thunderized.org/images/pets/Giantslicer.gif,6
http://mythwar.thunderized.org/images/pets/Glimmer%20Fish.gif,5
http://mythwar.thunderized.org/images/pets/Glitter%20Tiger.gif,1
http://mythwar.thunderized.org/images/pets/Guard.gif,7
http://mythwar.thunderized.org/images/pets/Hell%20Cat.gif,11
http://mythwar.thunderized.org/images/pets/Ice%20Demon.gif,9
http://mythwar.thunderized.org/images/pets/Leopard%20Wolf.gif,6
http://mythwar.thunderized.org/images/pets/Lizard%20Man.gif,2
http://mythwar.thunderized.org/images/pets/Lizard%20Miner.gif,8
http://mythwar.thunderized.org/images/pets/Lycosa.gif,4
http://mythwar.thunderized.org/images/pets/Mosquito.gif,3
http://mythwar.thunderized.org/images/pets/Mudraper.gif,8
http://mythwar.thunderized.org/images/pets/Mummy.gif,4
http://mythwar.thunderized.org/images/pets/Nepenthes.gif,8
http://mythwar.thunderized.org/images/pets/Ocean%20Loong.gif,2
http://mythwar.thunderized.org/images/pets/Ogrewalker.gif,10
http://mythwar.thunderized.org/images/pets/Pheonix.gif,8
http://mythwar.thunderized.org/images/pets/Pisces.gif,3
http://mythwar.thunderized.org/images/pets/River%20Guardian.gif,10
http://mythwar.thunderized.org/images/pets/Sand%20Giant.gif,2
http://mythwar.thunderized.org/images/pets/Santa%20Claus.gif,1
http://mythwar.thunderized.org/images/pets/Santa%20Princess.gif,1
http://mythwar.thunderized.org/images/pets/Scarecrow.gif,7
http://mythwar.thunderized.org/images/pets/Skeletal.gif,10
http://mythwar.thunderized.org/images/pets/Snake%20Demon.gif,7
http://mythwar.thunderized.org/images/pets/Snow%20Bear.gif,1
http://mythwar.thunderized.org/images/pets/Snowie.gif,1
http://mythwar.thunderized.org/images/pets/Stone%20Giant.gif,3
http://mythwar.thunderized.org/images/pets/Stone%20Tortoise.gif,1
http://mythwar.thunderized.org/images/pets/Teethor.gif,5
http://mythwar.thunderized.org/images/pets/Thorned%20Spider.gif,3
http://mythwar.thunderized.org/images/pets/Tree%20Demon.gif,7
http://mythwar.thunderized.org/images/pets/Werewolf.gif,5
http://mythwar.thunderized.org/images/pets/Withered%20Guard.gif,7
